dataset,date,mean,lower_95_hdi,upper_95_hdi
monthly_easy,2024-01,98.34331745742115,92.01074547831509,104.50991875669783
monthly_easy,2024-02,101.64149065063546,95.48534729266122,107.82971769637925
monthly_easy,2024-03,107.33028802939954,101.39471962751074,113.77628482461351
monthly_easy,2024-04,111.48062459646125,105.67237374475415,118.22732630741865
monthly_easy,2024-05,115.67838669214498,109.16249728203036,122.14450353351802
monthly_easy,2024-06,117.32297412059616,110.95131441467477,123.6349451093013
monthly_hard,2024-01,102.53228427798591,85.21607344113978,120.98096214582546
monthly_hard,2024-02,113.3592570653763,96.82010454764658,131.79185439690727
monthly_hard,2024-03,122.51189052881092,103.72210753595195,140.17556485163152
monthly_hard,2024-04,127.91227567809517,108.61480567911205,146.78586203750754
monthly_hard,2024-05,124.65632938880682,105.08238078637606,143.60526799104892
monthly_hard,2024-06,125.39916603961481,105.76216100479071,145.72956558353872
monthly_medium,2024-01,131.7347553746139,124.36851653640471,138.71863922365165
monthly_medium,2024-02,133.84225814060738,126.9391619408016,141.28542041185085
monthly_medium,2024-03,140.30912696922076,132.97845646307348,147.2539807440363
monthly_medium,2024-04,144.1868173340893,136.50456783471094,151.41343408095227
monthly_medium,2024-05,144.71514576987784,137.2372247334867,152.28106296379127
monthly_medium,2024-06,146.21140508688418,139.0253956612251,154.03944857042293
weekly_easy,2024-01-01,222.7647858101495,213.57422470493364,232.02880209219856
weekly_easy,2024-01-08,223.6852094720459,214.2078147691053,232.67775077429033
weekly_easy,2024-01-15,226.15429840703723,216.5508456469202,236.04857565731479
weekly_easy,2024-01-22,229.0388231169251,219.25904133762515,239.4824067432075
weekly_easy,2024-01-29,228.16473167750087,217.39265246298717,238.43719537284326
weekly_easy,2024-02-05,230.77801585980174,220.33708629526558,241.76409048673926
weekly_easy,2024-02-12,233.58427763313713,222.80102083602458,245.50106337346847
weekly_easy,2024-02-19,237.45137961781913,225.6065758750568,249.37761201302067
weekly_easy,2024-02-26,237.5946539437958,225.57030072177145,249.53128600649558
weekly_easy,2024-03-04,242.72274926250992,229.4895746332124,254.8754414412147
weekly_easy,2024-03-11,239.56365422090678,227.34613170211446,252.47091014714266
weekly_easy,2024-03-18,245.1524597135913,232.1756989313796,258.325146211148
weekly_easy,2024-03-25,245.2593158099956,231.7233732257238,257.92077838390395
weekly_easy,2024-04-01,248.85593576048456,235.5932145573601,262.8839836125269
weekly_easy,2024-04-08,247.41279800877606,233.34061687078736,261.15075811228485
weekly_easy,2024-04-15,253.17983113653958,239.07866353579826,267.38694571513224
weekly_easy,2024-04-22,253.78042667464476,238.9695408795634,267.00601207437194
weekly_easy,2024-04-29,251.4191703211726,237.65428318069186,265.4256328337846
weekly_easy,2024-05-06,254.78884912559184,241.35315695444464,268.8700679763967
weekly_easy,2024-05-13,255.62993810444786,242.3404379913119,270.42549712442
weekly_easy,2024-05-20,255.56499920651262,242.99329381231863,270.9822047037507
weekly_easy,2024-05-27,256.6113169006565,242.46025789890012,271.26394759023344
weekly_easy,2024-06-03,256.84669267481416,243.01754211266245,270.44939625019225
weekly_easy,2024-06-10,255.31704334012488,241.76321106680717,269.0161979889882
weekly_easy,2024-06-17,256.5234417408357,243.10111602325725,271.22978794287496
weekly_easy,2024-06-24,255.68149599888227,241.98063142911732,269.6114042924474
weekly_hard,2024-01-01,276.35967678462606,254.36826663390485,298.39897305124805
weekly_hard,2024-01-08,282.8952761126043,259.7050912224953,306.98984395720856
weekly_hard,2024-01-15,290.13643329145503,265.0436369795152,315.1091538337708
weekly_hard,2024-01-22,279.9440205733737,253.80448821786493,305.72382767510976
weekly_hard,2024-01-29,275.4070838881374,248.17360759838735,302.583325837858
weekly_hard,2024-02-05,269.7988220265439,240.65014298119098,297.84828132136994
weekly_hard,2024-02-12,271.6289662770716,243.99647327554288,304.36394998697307
weekly_hard,2024-02-19,268.23721884395815,238.32844141493982,297.8751903569374
weekly_hard,2024-02-26,275.3225549504543,243.8127850778111,305.8995565551302
weekly_hard,2024-03-04,282.36641922307126,250.65144508049192,316.58954982264606
weekly_hard,2024-03-11,289.2260655020765,256.7818049989097,321.84097827673753
weekly_hard,2024-03-18,297.617036382042,265.7375344982504,332.9021615850604
weekly_hard,2024-03-25,311.87737679652264,278.1706732515061,349.7155788382063
weekly_hard,2024-04-01,323.34448453086776,288.4893583183669,364.6296916902097
weekly_hard,2024-04-08,328.8509714496764,291.9224996477644,372.82671076772885
weekly_hard,2024-04-15,335.9628274366461,293.0504285673787,378.95794389068
weekly_hard,2024-04-22,329.48809079075687,283.5642197513664,376.88797665258426
weekly_hard,2024-04-29,320.8160534329219,278.2056897633199,372.48100117024495
weekly_hard,2024-05-06,311.6921780113155,264.67963617912505,361.1851905807382
weekly_hard,2024-05-13,305.3364115655813,263.32857966867715,357.92818790975707
weekly_hard,2024-05-20,301.0032370782321,257.4034702309846,350.5326038170383
weekly_hard,2024-05-27,296.6243514091299,251.8790536551025,345.5113962094155
weekly_hard,2024-06-03,303.27584125984697,261.1130107361812,354.78695582861917
weekly_hard,2024-06-10,306.8278055332872,263.5278905825158,357.44920167225837
weekly_hard,2024-06-17,317.80648806351854,270.7955512706173,369.4725256239224
weekly_hard,2024-06-24,321.29593619365215,275.6784327954214,376.97941838029794
weekly_medium,2024-01-01,194.04812337393355,178.95648333194262,208.99095555732777
weekly_medium,2024-01-08,193.61466036674213,175.2349362200167,212.78646178160935
weekly_medium,2024-01-15,195.930684515643,173.07783678571266,215.63372735897823
weekly_medium,2024-01-22,196.12251625186124,174.74882342393758,219.796111647204
weekly_medium,2024-01-29,197.67223728265847,174.7840862011175,222.91211009532884
weekly_medium,2024-02-05,202.38070854600355,176.0635633753993,227.59688006305026
weekly_medium,2024-02-12,207.7443790854881,182.17288987093156,232.9358501852205
weekly_medium,2024-02-19,214.03413024802435,189.37063693297353,238.92647853847097
weekly_medium,2024-02-26,216.31438353850302,193.18290571984303,240.58166946321998
weekly_medium,2024-03-04,219.26017358230968,195.8112685250276,244.2493238237309
weekly_medium,2024-03-11,224.3091773609795,197.71463514756996,249.11019633356986
weekly_medium,2024-03-18,229.21961409175753,205.3213110733464,257.14851739741704
weekly_medium,2024-03-25,232.75682260210073,207.33899545472661,259.9062205315359
weekly_medium,2024-04-01,231.54059203651525,207.59136128122134,258.38654867386947
weekly_medium,2024-04-08,229.71064697332696,201.8413476272942,256.16354776743765
weekly_medium,2024-04-15,230.38334621734805,204.07505423019708,259.49912358581685
weekly_medium,2024-04-22,230.15743928556898,201.917918638451,259.1637399731618
weekly_medium,2024-04-29,222.81010070610677,194.690684807514,252.12811902199206
weekly_medium,2024-05-06,219.06468800501153,189.9026623023909,250.09472817515322
weekly_medium,2024-05-13,222.0560150702893,193.8559499418341,252.5484941298812
weekly_medium,2024-05-20,227.30810582656383,198.59272691784957,256.6007259485822
weekly_medium,2024-05-27,228.11507667032996,200.8838780689467,257.0998479735364
weekly_medium,2024-06-03,230.45991432815885,204.70487748918623,258.1854197747395
weekly_medium,2024-06-10,231.68675624396982,206.4288014636921,260.2716012252489
weekly_medium,2024-06-17,233.4501976636458,206.19454159117666,262.1977330135941
weekly_medium,2024-06-24,233.75640522799543,204.20410513100745,263.5766567085168
